,graphid,sketch,anomaly,anom_count
0,136,"[1080, 905, 307, 232, 198, 198, 198, 198, 198, 198, 0, 0, 0, 0, 0, 20, 6, 0, 109, 0, 64, 67, 0, 130, 0, 95, 89, 4, 30, 77, 0, 0, 0, 0, 126, 36, 0, 41, 49, 203, 52, 29, 92, 45, 36, 0, 0, 52, 0, 0, 0, 0, 86, 25, 0, 0, 0, 0, 0, 0, 0, 1, 2, 0, 0, 0, 0, 0, 35, 0, 0, 0, 0, 0, 0, 0, 0, 0, 27, 134, 0, 512, 28, 30, 1, 0, 33, 25, 0, 0, 0, 0, 0, 198, 0, 48, 198, 0, 198, 198, 0, 0, 0, 0, 0, 0, 94, 0, 0, 0, 0, 30, 0, 0, 9, 0, 17, 0, 0, 13, 0, 0, 0, 0, 0, 11, 0, 0]",0,0
1,682,"[1187, 1020, 323, 200, 198, 198, 198, 198, 198, 198, 198, 198, 198, 198, 222, 42, 28, 168, 100, 0, 59, 67, 14, 92, 0, 85, 82, 8, 58, 0, 75, 0, 0, 0, 107, 24, 0, 39, 42, 0, 43, 24, 0, 30, 18, 0, 0, 33, 0, 21, 0, 0, 68, 26, 0, 54, 0, 0, 53, 0, 0, 7, 6, 371, 0, 0, 0, 0, 44, 0, 0, 2, 0, 0, 0, 0, 0, 0, 32, 0, 0, 0, 18, 40, 17, 0, 24, 0, 0, 0, 0, 0, 198, 0, 198, 0, 0, 0, 0, 0, 0, 56, 0, 0, 0, 0, 0, 0, 28, 0, 0, 0, 0, 0, 6, 246, 0, 3, 0, 13, 22, 0, 0, 0, 0, 4, 0, 0]",0,0
2,314,"[789, 505, 287, 189, 198, 198, 198, 198, 198, 198, 198, 198, 198, 198, 0, 229, 116, 0, 72, 107, 62, 60, 72, 5, 0, 45, 45, 128, 126, 0, 0, 0, 0, 0, 330, 65, 417, 89, 38, 45, 43, 57, 0, 71, 35, 0, 0, 34, 346, 0, 0, 0, 156, 17, 0, 0, 56, 212, 0, 0, 0, 71, 73, 0, 0, 66, 71, 0, 29, 10, 0, 32, 0, 0, 0, 0, 0, 0, 20, 4, 0, 0, 27, 26, 40, 0, 14, 0, 130, 0, 0, 0, 0, 0, 0, 28, 0, 0, 0, 0, 0, 0, 0, 0, 0, 45, 15, 0, 23, 0, 61, 0, 0, 56, 19, 0, 0, 0, 0, 24, 0, 0, 0, 0, 0, 18, 0, 0]",0,5
3,794,"[255, 30, 223, 163, 198, 198, 198, 198, 198, 198, 198, 198, 198, 198, 27, 0, 9, 1, 21, 0, 32, 32, 86, 93, 0, 3, 2, 0, 0, 13, 6, 2095, 0, 27, 0, 17, 0, 4, 27, 0, 29, 4, 0, 1, 18, 0, 1829, 28, 0, 24, 0, 0, 0, 10, 53, 0, 6, 344, 1, 0, 0, 0, 0, 0, 66, 0, 0, 0, 0, 0, 0, 0, 6, 0, 0, 0, 0, 0, 2, 0, 0, 78, 6, 1, 0, 0, 15, 4, 154, 330, 0, 363, 0, 0, 0, 0, 0, 0, 0, 0, 7, 43, 0, 47, 0, 0, 0, 0, 22, 0, 0, 0, 0, 0, 4, 0, 7, 9, 0, 9, 0, 52, 0, 0, 3, 2, 0, 0]",1,1042
4,179,"[1412, 1231, 334, 179, 198, 198, 198, 198, 198, 198, 198, 198, 198, 198, 0, 22, 24, 0, 125, 0, 66, 61, 96, 73, 0, 106, 101, 2, 149, 0, 0, 0, 187, 0, 36, 30, 548, 39, 40, 14, 39, 20, 117, 28, 30, 0, 0, 30, 504, 0, 0, 0, 81, 33, 0, 0, 0, 203, 0, 0, 0, 2, 4, 65, 0, 0, 0, 48, 36, 0, 0, 3, 0, 0, 0, 0, 15, 0, 36, 0, 0, 0, 17, 37, 56, 0, 28, 0, 62, 0, 0, 0, 198, 0, 198, 43, 0, 0, 0, 0, 0, 51, 0, 0, 0, 0, 13, 0, 0, 0, 0, 32, 0, 0, 7, 5, 20, 0, 0, 10, 0, 0, 0, 0, 0, 3, 0, 0]",0,16
5,488,"[812, 703, 312, 247, 198, 198, 198, 198, 198, 198, 198, 198, 0, 0, 190, 236, 114, 120, 52, 0, 74, 62, 181, 81, 0, 46, 46, 152, 0, 38, 107, 0, 0, 0, 140, 26, 0, 31, 47, 0, 36, 25, 0, 31, 42, 0, 0, 49, 0, 104, 0, 0, 186, 13, 0, 70, 0, 0, 69, 0, 341, 59, 57, 77, 0, 0, 0, 0, 51, 0, 0, 42, 0, 0, 0, 70, 0, 0, 31, 0, 0, 0, 18, 24, 0, 0, 27, 4, 0, 0, 0, 0, 0, 0, 0, 0, 0, 0, 0, 0, 0, 0, 0, 0, 0, 0, 0, 0, 19, 135, 0, 0, 0, 0, 6, 8, 18, 31, 0, 9, 38, 0, 0, 0, 0, 6, 0, 0]",0,0
6,709,"[1181, 1063, 369, 291, 198, 198, 198, 198, 198, 198, 198, 198, 198, 198, 225, 198, 99, 163, 47, 0, 88, 97, 100, 29, 0, 46, 44, 130, 0, 22, 72, 0, 0, 0, 0, 22, 0, 31, 61, 0, 61, 20, 0, 31, 35, 0, 0, 45, 0, 59, 0, 0, 10, 58, 32, 62, 74, 0, 62, 0, 0, 68, 68, 0, 0, 0, 0, 0, 48, 0, 0, 31, 0, 0, 0, 0, 0, 0, 38, 0, 0, 0, 33, 30, 0, 0, 35, 4, 0, 0, 0, 0, 0, 0, 0, 0, 0, 0, 0, 0, 0, 0, 0, 0, 0, 0, 0, 0, 26, 0, 0, 0, 0, 0, 6, 0, 23, 14, 0, 15, 10, 0, 0, 0, 0, 8, 0, 0]",0,0
7,839,"[969, 832, 259, 206, 198, 198, 198, 198, 198, 198, 198, 198, 198, 198, 217, 0, 116, 154, 90, 0, 58, 66, 7, 123, 0, 73, 72, 0, 48, 177, 80, 0, 0, 181, 0, 33, 0, 36, 38, 0, 46, 26, 0, 29, 61, 296, 0, 0, 0, 0, 294, 0, 0, 36, 19, 62, 37, 0, 62, 0, 0, 0, 0, 421, 0, 0, 0, 0, 0, 0, 0, 36, 102, 0, 0, 0, 0, 0, 22, 0, 0, 0, 22, 22, 6, 0, 20, 92, 0, 0, 0, 0, 0, 0, 0, 0, 0, 0, 0, 0, 0, 0, 0, 42, 0, 0, 0, 0, 17, 0, 0, 0, 0, 0, 6, 276, 16, 0, 0, 8, 19, 25, 0, 0, 79, 6, 80, 0]",1,435
8,619,"[1121, 791, 365, 220, 198, 198, 198, 198, 198, 198, 198, 198, 198, 198, 210, 28, 15, 151, 120, 51, 57, 56, 88, 19, 0, 79, 82, 2, 20, 58, 87, 0, 0, 0, 33, 79, 0, 102, 53, 0, 47, 78, 55, 103, 15, 0, 0, 28, 0, 0, 0, 0, 0, 35, 0, 60, 0, 0, 59, 0, 0, 2, 2, 0, 0, 37, 48, 0, 33, 2, 0, 2, 0, 0, 0, 0, 0, 0, 29, 0, 0, 367, 19, 30, 4, 0, 15, 23, 0, 0, 0, 0, 198, 0, 198, 0, 0, 0, 0, 0, 0, 74, 0, 0, 0, 38, 0, 0, 29, 0, 64, 15, 0, 60, 25, 0, 0, 0, 0, 22, 27, 0, 0, 0, 0, 16, 0, 0]",0,0
9,733,"[789, 358, 350, 230, 198, 198, 198, 198, 198, 198, 198, 198, 198, 198, 219, 0, 20, 163, 106, 0, 65, 73, 75, 76, 0, 59, 56, 0, 0, 40, 78, 585, 290, 53, 0, 33, 0, 34, 43, 0, 51, 23, 54, 17, 25, 0, 197, 54, 0, 0, 0, 0, 0, 30, 16, 56, 26, 0, 56, 0, 0, 0, 0, 0, 0, 0, 0, 118, 0, 0, 0, 2, 14, 0, 0, 0, 0, 0, 19, 0, 226, 0, 20, 18, 0, 0, 21, 11, 0, 0, 0, 0, 0, 0, 0, 0, 0, 0, 0, 0, 0, 105, 0, 0, 0, 0, 0, 0, 25, 0, 0, 20, 0, 0, 6, 0, 20, 0, 0, 13, 22, 124, 0, 0, 1, 11, 3, 0]",1,214
10,440,"[1182, 1011, 339, 267, 198, 198, 198, 198, 198, 198, 198, 198, 0, 0, 202, 217, 80, 141, 100, 0, 70, 66, 16, 104, 0, 86, 85, 157, 0, 73, 95, 0, 0, 0, 31, 31, 0, 44, 51, 0, 57, 25, 62, 26, 21, 0, 0, 31, 0, 0, 0, 0, 0, 30, 0, 61, 78, 321, 60, 0, 0, 59, 60, 0, 0, 0, 0, 0, 43, 0, 0, 21, 0, 0, 0, 0, 0, 0, 31, 0, 0, 0, 23, 41, 0, 0, 35, 21, 189, 0, 0, 0, 0, 0, 0, 41, 0, 0, 0, 0, 0, 0, 0, 0, 0, 0, 0, 0, 15, 0, 0, 12, 0, 0, 10, 0, 32, 0, 0, 23, 35, 0, 0, 0, 0, 3, 0, 0]",0,0
11,699,"[7, 0, 463, 300, 198, 198, 198, 198, 198, 198, 198, 198, 0, 0, 233, 215, 82, 184, 0, 81, 99, 98, 110, 45, 0, 0, 0, 161, 0, 154, 64, 0, 0, 0, 37, 112, 0, 2, 59, 0, 76, 103, 0, 2, 37, 0, 0, 40, 0, 0, 0, 0, 114, 76, 31, 49, 55, 0, 48, 0, 0, 54, 53, 0, 0, 1, 1, 0, 74, 26, 0, 29, 0, 0, 0, 0, 0, 0, 0, 0, 0, 0, 42, 0, 0, 0, 20, 62, 0, 0, 0, 0, 0, 0, 0, 0, 0, 0, 0, 0, 0, 0, 0, 0, 0, 65, 0, 0, 42, 0, 3, 0, 0, 4, 35, 0, 33, 0, 0, 14, 16, 0, 0, 0, 0, 38, 0, 0]",0,0
12,406,"[938, 732, 280, 160, 198, 198, 198, 198, 198, 198, 198, 198, 198, 198, 210, 23, 17, 150, 68, 0, 54, 60, 105, 27, 0, 51, 52, 1, 189, 0, 87, 0, 0, 0, 116, 60, 0, 80, 35, 0, 39, 50, 40, 76, 36, 0, 0, 37, 0, 0, 0, 0, 158, 36, 0, 60, 0, 0, 60, 377, 0, 2, 3, 0, 0, 0, 0, 0, 29, 0, 0, 1, 0, 0, 0, 0, 0, 0, 0, 0, 0, 0, 18, 0, 80, 0, 11, 0, 0, 0, 0, 0, 0, 0, 0, 50, 0, 245, 0, 0, 0, 62, 0, 0, 0, 37, 0, 0, 18, 0, 66, 1, 0, 59, 24, 0, 0, 0, 0, 16, 27, 0, 0, 0, 0, 21, 0, 0]",0,0
13,1207,"[1092, 969, 241, 183, 198, 198, 198, 198, 0, 0, 198, 198, 0, 0, 197, 0, 123, 140, 65, 0, 67, 69, 98, 16, 0, 60, 60, 0, 156, 47, 100, 0, 0, 232, 0, 18, 0, 25, 49, 0, 52, 21, 47, 31, 49, 0, 0, 21, 0, 0, 0, 0, 0, 35, 24, 58, 0, 0, 56, 0, 0, 0, 0, 0, 0, 0, 0, 0, 36, 0, 0, 31, 131, 0, 0, 475, 0, 0, 27, 0, 0, 0, 30, 24, 82, 0, 32, 5, 0, 0, 0, 0, 0, 0, 0, 0, 0, 0, 0, 0, 0, 0, 0, 35, 0, 0, 0, 0, 21, 0, 0, 10, 0, 0, 4, 0, 19, 0, 0, 7, 43, 0, 0, 0, 76, 3, 81, 0]",0,0
14,747,"[724, 471, 298, 199, 198, 198, 198, 198, 198, 198, 198, 198, 198, 198, 223, 0, 144, 166, 107, 0, 59, 50, 0, 88, 337, 72, 65, 0, 0, 0, 74, 0, 0, 239, 0, 75, 0, 88, 42, 0, 36, 79, 0, 92, 31, 0, 0, 36, 0, 99, 0, 224, 0, 39, 116, 57, 33, 0, 56, 0, 0, 0, 0, 0, 0, 0, 0, 0, 0, 0, 0, 44, 102, 0, 0, 0, 0, 0, 26, 0, 0, 0, 23, 25, 0, 0, 11, 0, 0, 0, 0, 0, 0, 0, 0, 0, 0, 0, 0, 0, 0, 0, 0, 45, 0, 40, 0, 0, 22, 0, 57, 0, 0, 53, 28, 0, 0, 64, 0, 10, 18, 38, 0, 0, 76, 25, 74, 0]",1,105
15,1087,"[466, 328, 171, 118, 198, 198, 198, 198, 198, 198, 198, 198, 198, 198, 2, 0, 118, 0, 37, 0, 41, 32, 9, 75, 0, 25, 29, 0, 89, 0, 1, 0, 0, 0, 0, 54, 0, 58, 26, 0, 29, 38, 0, 45, 39, 0, 0, 19, 0, 0, 0, 0, 0, 21, 29, 0, 29, 0, 0, 0, 0, 0, 0, 0, 0, 23, 19, 0, 0, 1, 0, 34, 0, 0, 0, 0, 0, 0, 13, 0, 239, 0, 13, 12, 49, 0, 10, 0, 0, 0, 0, 0, 0, 0, 0, 0, 0, 0, 0, 0, 0, 0, 1337, 22, 0, 7, 0, 1304, 9, 0, 20, 0, 215, 18, 11, 0, 15, 0, 0, 6, 0, 25, 0, 0, 0, 12, 0, 0]",1,1478
16,700,"[9, 0, 559, 436, 198, 198, 198, 198, 198, 198, 198, 198, 198, 198, 213, 235, 125, 148, 0, 0, 152, 150, 16, 125, 0, 0, 0, 110, 145, 44, 84, 0, 0, 0, 100, 24, 0, 2, 83, 0, 79, 26, 105, 2, 47, 0, 0, 52, 0, 0, 0, 0, 63, 65, 18, 64, 0, 0, 64, 0, 0, 63, 64, 0, 0, 0, 0, 0, 75, 0, 0, 30, 0, 0, 0, 0, 0, 0, 6, 0, 0, 0, 52, 8, 43, 0, 42, 3, 0, 0, 0, 0, 0, 0, 0, 0, 0, 0, 0, 0, 0, 0, 0, 0, 0, 0, 0, 0, 38, 0, 0, 17, 0, 0, 11, 0, 42, 0, 0, 27, 21, 0, 0, 0, 0, 11, 0, 0]",0,0
17,330,"[851, 522, 380, 218, 198, 198, 198, 198, 198, 198, 198, 198, 198, 198, 0, 27, 19, 0, 108, 120, 57, 55, 30, 151, 627, 73, 66, 3, 0, 35, 0, 0, 0, 0, 23, 70, 215, 98, 47, 187, 48, 75, 108, 92, 24, 0, 0, 18, 93, 90, 0, 418, 0, 42, 0, 0, 58, 0, 0, 0, 0, 1, 2, 0, 0, 80, 80, 0, 36, 8, 0, 3, 0, 0, 0, 0, 0, 0, 23, 69, 0, 0, 15, 25, 0, 0, 15, 2, 0, 0, 0, 0, 0, 0, 0, 60, 0, 0, 0, 0, 0, 59, 0, 0, 0, 29, 43, 0, 19, 0, 52, 37, 0, 48, 27, 0, 0, 25, 0, 18, 0, 0, 0, 0, 0, 19, 0, 0]",0,0
18,74,"[0, 0, 265, 190, 198, 198, 198, 198, 198, 198, 0, 0, 0, 0, 0, 199, 98, 0, 42, 768, 62, 57, 12, 144, 0, 0, 0, 137, 28, 86, 0, 0, 0, 0, 16, 88, 0, 0, 33, 283, 38, 84, 192, 0, 24, 0, 0, 36, 0, 0, 0, 0, 0, 47, 0, 0, 18, 0, 0, 0, 0, 63, 62, 0, 0, 0, 0, 0, 34, 433, 0, 35, 0, 0, 509, 0, 0, 0, 0, 160, 0, 0, 18, 0, 1, 0, 10, 14, 0, 0, 0, 0, 0, 0, 0, 65, 0, 0, 198, 198, 0, 0, 0, 0, 0, 172, 113, 0, 0, 0, 0, 102, 0, 0, 29, 0, 31, 0, 0, 14, 0, 0, 334, 0, 0, 27, 0, 0]",1,186
19,811,"[1063, 788, 266, 181, 198, 198, 198, 198, 39, 28, 198, 198, 0, 0, 225, 0, 33, 169, 52, 24, 49, 49, 28, 68, 0, 41, 37, 0, 0, 0, 72, 0, 0, 36, 0, 63, 0, 89, 38, 0, 36, 63, 0, 76, 72, 236, 0, 65, 0, 274, 162, 0, 0, 20, 205, 57, 50, 0, 55, 291, 0, 0, 0, 0, 0, 67, 67, 0, 0, 5, 0, 5, 3, 0, 0, 0, 0, 0, 21, 0, 0, 0, 15, 20, 0, 0, 16, 0, 0, 0, 0, 0, 0, 0, 0, 0, 0, 194, 0, 0, 0, 0, 0, 31, 0, 37, 0, 0, 15, 0, 61, 0, 0, 47, 24, 0, 23, 186, 0, 12, 16, 34, 0, 0, 7, 17, 7, 0]",0,53
20,198,"[991, 658, 235, 158, 198, 198, 198, 198, 198, 198, 198, 198, 198, 198, 0, 256, 134, 0, 93, 95, 41, 46, 9, 86, 0, 76, 66, 134, 0, 0, 0, 0, 0, 0, 27, 63, 464, 97, 41, 16, 41, 55, 0, 91, 18, 0, 0, 31, 432, 82, 0, 0, 26, 39, 0, 0, 105, 0, 0, 0, 0, 68, 65, 0, 365, 94, 80, 0, 33, 10, 0, 42, 0, 0, 0, 0, 9, 0, 19, 1, 0, 0, 22, 21, 0, 0, 11, 0, 0, 0, 0, 0, 0, 0, 0, 48, 0, 0, 0, 0, 242, 0, 0, 0, 0, 34, 6, 0, 0, 0, 50, 0, 0, 54, 30, 0, 0, 31, 0, 11, 0, 0, 0, 0, 0, 28, 0, 0]",0,0
21,1003,"[805, 475, 339, 221, 198, 198, 198, 198, 198, 198, 198, 198, 0, 0, 195, 0, 110, 123, 107, 113, 77, 71, 70, 17, 0, 72, 68, 0, 0, 100, 102, 0, 0, 0, 0, 86, 0, 101, 52, 0, 49, 74, 0, 87, 21, 0, 0, 49, 0, 0, 0, 0, 0, 37, 36, 73, 18, 0, 71, 374, 0, 0, 0, 0, 0, 87, 85, 0, 0, 5, 0, 30, 0, 0, 0, 0, 0, 0, 12, 0, 0, 0, 16, 16, 0, 0, 21, 71, 0, 0, 0, 0, 0, 0, 0, 0, 0, 253, 0, 0, 0, 0, 0, 35, 0, 33, 0, 0, 28, 0, 54, 0, 228, 53, 19, 0, 23, 0, 0, 8, 30, 50, 0, 0, 0, 26, 0, 0]",1,433
22,3,"[1014, 638, 330, 236, 198, 198, 198, 198, 198, 198, 0, 0, 0, 0, 0, 253, 140, 0, 109, 38, 75, 72, 76, 13, 0, 80, 59, 81, 101, 0, 0, 0, 0, 0, 5, 38, 0, 33, 45, 205, 45, 35, 51, 36, 28, 0, 0, 37, 0, 0, 0, 0, 0, 20, 30, 0, 112, 0, 0, 0, 0, 50, 41, 320, 0, 134, 136, 0, 20, 27, 0, 17, 0, 0, 0, 0, 111, 0, 28, 46, 0, 0, 18, 24, 31, 0, 20, 0, 0, 0, 0, 0, 0, 0, 0, 37, 0, 0, 0, 0, 0, 0, 0, 0, 0, 0, 92, 0, 0, 0, 0, 11, 0, 0, 10, 219, 11, 0, 17, 8, 0, 49, 0, 0, 0, 6, 0, 0]",0,0
23,1235,"[521, 425, 453, 339, 198, 198, 198, 198, 0, 0, 198, 198, 198, 198, 196, 0, 102, 129, 0, 0, 106, 108, 224, 28, 0, 0, 0, 0, 0, 185, 101, 0, 0, 195, 0, 18, 0, 30, 51, 0, 52, 27, 43, 32, 160, 0, 0, 44, 0, 39, 0, 0, 0, 65, 16, 67, 0, 0, 68, 94, 0, 0, 0, 26, 0, 0, 0, 0, 56, 0, 0, 43, 135, 0, 0, 0, 0, 0, 49, 0, 0, 576, 34, 44, 0, 0, 30, 72, 0, 0, 0, 0, 0, 0, 0, 0, 0, 11, 0, 0, 0, 0, 0, 70, 0, 0, 0, 0, 24, 0, 0, 3, 0, 0, 7, 0, 0, 1, 0, 8, 33, 0, 0, 0, 60, 7, 59, 0]",0,0
24,900,"[640, 513, 270, 197, 198, 198, 198, 198, 198, 198, 198, 198, 0, 0, 209, 0, 126, 148, 88, 0, 67, 59, 89, 9, 0, 75, 72, 0, 0, 75, 88, 0, 0, 241, 0, 28, 0, 35, 36, 0, 33, 23, 0, 28, 22, 0, 0, 14, 0, 0, 0, 0, 13, 41, 18, 60, 0, 0, 60, 0, 0, 0, 0, 0, 0, 0, 0, 0, 0, 0, 426, 33, 113, 365, 396, 0, 0, 0, 20, 0, 0, 0, 13, 26, 0, 0, 6, 46, 0, 0, 0, 0, 198, 0, 198, 0, 0, 0, 0, 0, 0, 0, 0, 43, 0, 0, 0, 0, 9, 0, 0, 0, 0, 0, 13, 0, 0, 0, 0, 7, 29, 22, 281, 0, 62, 8, 60, 0]",0,84
25,317,"[799, 451, 274, 172, 198, 198, 198, 198, 198, 198, 198, 198, 198, 198, 0, 204, 93, 0, 58, 342, 57, 63, 4, 71, 0, 29, 28, 146, 141, 0, 0, 0, 0, 0, 97, 61, 441, 67, 34, 34, 41, 67, 0, 69, 19, 0, 0, 42, 392, 0, 0, 0, 0, 36, 0, 0, 138, 289, 0, 0, 0, 57, 58, 0, 0, 190, 190, 0, 28, 93, 0, 36, 0, 0, 0, 0, 0, 0, 26, 5, 0, 0, 15, 12, 60, 0, 10, 0, 198, 0, 0, 0, 0, 0, 0, 24, 0, 0, 0, 0, 0, 0, 0, 0, 0, 21, 13, 0, 11, 0, 38, 0, 0, 32, 17, 0, 15, 0, 0, 4, 0, 0, 0, 0, 0, 23, 0, 0]",0,4
26,607,"[615, 503, 261, 193, 198, 198, 198, 198, 198, 198, 198, 198, 198, 198, 208, 217, 120, 143, 61, 0, 67, 68, 16, 65, 0, 55, 53, 100, 0, 0, 89, 0, 0, 0, 8, 20, 0, 29, 37, 0, 39, 22, 160, 24, 51, 0, 0, 36, 0, 165, 0, 0, 10, 28, 69, 65, 0, 0, 64, 0, 0, 52, 50, 0, 0, 0, 0, 0, 34, 0, 0, 27, 0, 0, 0, 287, 0, 0, 25, 0, 0, 0, 21, 27, 0, 0, 17, 0, 0, 0, 0, 0, 198, 0, 198, 0, 0, 0, 0, 0, 0, 0, 0, 0, 0, 0, 0, 0, 21, 0, 0, 66, 0, 0, 8, 0, 24, 77, 0, 20, 25, 0, 0, 0, 0, 7, 0, 0]",1,1003
27,1049,"[1122, 925, 389, 227, 198, 198, 198, 198, 198, 198, 198, 198, 198, 198, 207, 0, 23, 138, 130, 0, 82, 71, 3, 53, 0, 110, 102, 0, 21, 0, 90, 0, 0, 0, 223, 43, 0, 51, 51, 0, 44, 41, 0, 48, 25, 0, 0, 91, 0, 46, 0, 0, 0, 19, 104, 68, 22, 0, 68, 0, 0, 0, 0, 0, 0, 0, 0, 0, 0, 0, 0, 3, 0, 0, 0, 0, 0, 0, 29, 0, 0, 0, 25, 27, 2, 203, 26, 0, 0, 0, 0, 0, 0, 0, 0, 0, 0, 0, 0, 0, 0, 77, 0, 36, 0, 0, 0, 0, 20, 0, 0, 0, 27, 0, 10, 0, 0, 24, 0, 7, 23, 41, 0, 0, 0, 9, 0, 0]",0,0
28,827,"[984, 843, 369, 278, 198, 198, 198, 198, 198, 198, 198, 198, 198, 198, 3, 0, 111, 0, 69, 0, 85, 82, 22, 108, 0, 57, 59, 0, 0, 98, 2, 0, 0, 248, 0, 31, 0, 41, 50, 0, 47, 26, 0, 33, 25, 0, 0, 30, 0, 21, 0, 0, 0, 39, 104, 0, 21, 0, 1, 0, 0, 0, 0, 0, 0, 0, 0, 0, 0, 0, 0, 30, 128, 0, 0, 0, 0, 0, 37, 0, 0, 0, 32, 36, 0, 510, 25, 55, 0, 418, 0, 306, 0, 0, 0, 0, 0, 0, 0, 0, 0, 0, 0, 58, 0, 0, 0, 0, 32, 0, 0, 0, 0, 0, 9, 0, 12, 1, 0, 19, 0, 42, 0, 0, 49, 6, 51, 0]",1,356
29,385,"[910, 794, 339, 259, 198, 198, 198, 198, 198, 198, 198, 198, 198, 198, 0, 209, 120, 0, 59, 0, 73, 80, 115, 12, 0, 52, 50, 106, 164, 0, 76, 0, 0, 0, 39, 23, 0, 27, 43, 221, 45, 31, 76, 36, 35, 0, 0, 24, 0, 0, 0, 0, 56, 31, 0, 0, 0, 500, 0, 0, 0, 61, 67, 0, 0, 0, 0, 0, 33, 0, 0, 37, 0, 0, 0, 0, 0, 0, 36, 165, 0, 0, 22, 23, 80, 0, 24, 0, 351, 0, 0, 0, 0, 0, 0, 60, 0, 0, 0, 0, 0, 0, 0, 0, 0, 0, 0, 0, 15, 0, 0, 17, 0, 0, 7, 0, 29, 0, 0, 4, 20, 0, 0, 0, 0, 6, 0, 0]",0,0
30,927,"[609, 507, 241, 149, 198, 198, 198, 198, 198, 198, 198, 198, 0, 0, 204, 0, 11, 137, 59, 0, 38, 44, 185, 14, 0, 50, 50, 0, 0, 154, 93, 0, 63, 30, 0, 15, 0, 28, 18, 0, 10, 12, 0, 20, 39, 0, 0, 14, 0, 0, 0, 0, 25, 33, 25, 68, 0, 0, 66, 0, 0, 0, 0, 0, 0, 0, 0, 7, 0, 0, 1065, 2, 6, 1034, 154, 281, 0, 0, 18, 0, 0, 0, 15, 23, 0, 0, 0, 98, 0, 0, 0, 0, 0, 0, 0, 0, 0, 0, 0, 0, 0, 54, 0, 56, 0, 0, 0, 0, 4, 0, 0, 0, 0, 0, 5, 0, 0, 0, 0, 3, 26, 33, 33, 0, 2, 5, 2, 0]",1,454
31,43,"[5, 0, 504, 326, 198, 198, 198, 198, 198, 198, 0, 0, 0, 0, 0, 155, 142, 0, 47, 0, 161, 140, 167, 25, 0, 3, 2, 84, 0, 154, 0, 0, 0, 0, 0, 35, 0, 0, 95, 213, 81, 33, 0, 2, 50, 0, 0, 74, 0, 56, 0, 0, 161, 111, 47, 0, 151, 0, 0, 0, 0, 72, 71, 0, 0, 0, 0, 0, 0, 0, 0, 70, 0, 0, 0, 0, 0, 0, 0, 146, 0, 0, 65, 0, 0, 0, 49, 44, 0, 0, 0, 0, 0, 198, 0, 76, 198, 0, 0, 0, 0, 0, 0, 0, 0, 0, 84, 0, 0, 0, 0, 0, 0, 0, 12, 0, 0, 5, 0, 19, 0, 89, 0, 0, 0, 18, 0, 0]",0,17
32,1214,"[869, 544, 348, 201, 198, 198, 198, 198, 0, 0, 198, 198, 198, 198, 203, 0, 12, 138, 100, 99, 53, 53, 18, 157, 87, 67, 69, 0, 202, 64, 94, 0, 167, 27, 0, 73, 0, 98, 45, 0, 48, 65, 44, 88, 59, 0, 0, 59, 0, 0, 0, 4, 0, 18, 111, 65, 0, 0, 64, 0, 0, 0, 0, 277, 0, 75, 78, 33, 39, 15, 0, 1, 3, 0, 0, 0, 0, 0, 16, 0, 0, 0, 18, 27, 110, 0, 12, 10, 0, 0, 0, 0, 0, 0, 0, 0, 0, 0, 0, 0, 0, 61, 0, 70, 0, 39, 0, 0, 16, 0, 55, 7, 0, 58, 22, 88, 21, 0, 0, 16, 30, 0, 0, 0, 2, 13, 1, 0]",0,0
33,133,"[764, 473, 281, 182, 198, 198, 198, 198, 198, 198, 0, 0, 0, 0, 0, 238, 114, 0, 80, 116, 59, 51, 97, 122, 0, 44, 51, 140, 102, 0, 0, 0, 0, 0, 17, 73, 0, 83, 42, 26, 34, 75, 0, 76, 29, 0, 0, 35, 0, 0, 0, 0, 95, 40, 0, 0, 63, 0, 0, 0, 0, 68, 73, 243, 0, 77, 68, 0, 34, 13, 0, 30, 0, 0, 80, 0, 0, 0, 27, 1, 0, 215, 28, 22, 31, 0, 15, 0, 0, 0, 0, 0, 0, 198, 0, 50, 198, 0, 198, 198, 0, 0, 0, 0, 10, 45, 13, 0, 0, 0, 55, 0, 0, 57, 24, 75, 19, 0, 0, 17, 0, 0, 3, 0, 0, 22, 0, 0]",0,0
34,344,"[1148, 931, 409, 268, 198, 198, 198, 198, 198, 198, 198, 198, 198, 198, 0, 34, 16, 0, 136, 0, 68, 69, 103, 10, 0, 118, 114, 4, 121, 0, 0, 0, 318, 0, 24, 31, 0, 50, 59, 197, 61, 36, 0, 52, 32, 0, 0, 3, 0, 0, 0, 0, 144, 53, 0, 0, 22, 0, 0, 0, 0, 4, 1, 0, 0, 0, 0, 198, 50, 0, 0, 0, 0, 0, 0, 0, 0, 0, 36, 135, 0, 0, 15, 28, 37, 0, 38, 0, 0, 0, 0, 0, 0, 0, 0, 49, 0, 0, 0, 0, 0, 73, 0, 0, 0, 0, 100, 0, 29, 0, 0, 0, 0, 0, 13, 0, 21, 0, 0, 19, 0, 0, 0, 0, 0, 15, 0, 0]",0,4
35,432,"[1035, 863, 268, 190, 198, 198, 198, 198, 198, 198, 198, 198, 198, 198, 229, 268, 117, 170, 104, 0, 63, 67, 6, 110, 0, 88, 91, 147, 0, 73, 68, 0, 0, 0, 115, 26, 0, 32, 39, 0, 35, 28, 0, 38, 21, 0, 0, 40, 0, 26, 0, 0, 49, 26, 0, 59, 105, 0, 58, 0, 0, 60, 63, 0, 0, 0, 0, 0, 34, 0, 0, 29, 0, 0, 0, 0, 0, 0, 46, 0, 0, 404, 21, 31, 0, 0, 14, 25, 0, 0, 0, 0, 0, 0, 0, 49, 0, 0, 0, 0, 0, 0, 0, 0, 0, 0, 0, 0, 25, 0, 0, 0, 0, 0, 8, 0, 0, 5, 0, 17, 10, 0, 0, 0, 0, 6, 0, 0]",0,0
36,675,"[690, 576, 336, 241, 198, 198, 198, 198, 198, 198, 198, 198, 0, 0, 229, 243, 179, 137, 64, 0, 71, 87, 28, 138, 0, 49, 54, 85, 0, 104, 111, 0, 0, 0, 25, 23, 0, 36, 41, 0, 45, 32, 106, 44, 40, 0, 0, 24, 0, 0, 0, 0, 0, 50, 0, 64, 0, 0, 57, 0, 646, 79, 80, 0, 0, 0, 0, 0, 20, 0, 0, 52, 0, 0, 0, 0, 0, 0, 26, 0, 0, 0, 20, 12, 0, 0, 26, 35, 0, 0, 0, 0, 198, 0, 198, 0, 0, 0, 0, 0, 0, 0, 0, 0, 0, 0, 0, 0, 24, 435, 0, 42, 0, 0, 4, 0, 0, 0, 0, 10, 33, 0, 0, 0, 0, 8, 0, 0]",0,0
37,39,"[1239, 893, 204, 129, 198, 198, 198, 198, 198, 198, 0, 0, 0, 0, 0, 273, 173, 0, 51, 113, 44, 41, 62, 10, 0, 34, 40, 98, 33, 97, 0, 0, 0, 0, 16, 77, 0, 107, 41, 34, 56, 61, 0, 94, 41, 0, 0, 20, 0, 0, 0, 0, 124, 31, 0, 0, 117, 0, 0, 0, 232, 57, 52, 0, 0, 103, 117, 0, 0, 5, 0, 43, 0, 0, 0, 0, 618, 0, 33, 0, 0, 0, 16, 17, 2, 0, 16, 21, 0, 0, 0, 0, 0, 198, 0, 39, 198, 0, 0, 0, 0, 0, 0, 0, 26, 30, 10, 0, 0, 138, 72, 0, 0, 47, 30, 0, 24, 0, 548, 4, 0, 27, 0, 0, 0, 22, 0, 0]",0,0
38,329,"[1199, 1084, 349, 270, 198, 198, 198, 198, 198, 198, 198, 198, 198, 198, 0, 165, 132, 0, 59, 0, 74, 78, 24, 88, 316, 57, 50, 93, 0, 109, 0, 0, 0, 0, 25, 18, 519, 20, 42, 28, 42, 17, 180, 22, 52, 0, 0, 25, 454, 44, 0, 205, 0, 40, 0, 0, 0, 0, 0, 0, 0, 72, 71, 0, 0, 0, 0, 0, 37, 0, 0, 61, 0, 0, 0, 0, 0, 0, 32, 1, 0, 0, 21, 30, 0, 0, 23, 27, 0, 0, 0, 0, 0, 0, 0, 24, 0, 0, 0, 0, 0, 0, 0, 0, 0, 0, 11, 0, 17, 0, 0, 83, 0, 0, 6, 0, 13, 7, 0, 7, 0, 0, 0, 0, 0, 5, 0, 0]",0,0
39,215,"[927, 568, 254, 159, 198, 198, 198, 198, 198, 198, 198, 198, 198, 198, 0, 205, 92, 0, 65, 325, 62, 46, 14, 100, 90, 41, 35, 138, 0, 0, 0, 0, 0, 0, 25, 70, 423, 64, 34, 38, 38, 63, 97, 57, 39, 0, 0, 28, 365, 145, 0, 17, 0, 39, 0, 0, 0, 0, 0, 0, 0, 67, 67, 0, 0, 216, 210, 0, 36, 68, 0, 25, 0, 0, 0, 0, 10, 0, 0, 4, 0, 0, 17, 0, 0, 193, 12, 0, 0, 0, 0, 0, 198, 0, 198, 26, 0, 0, 0, 0, 0, 0, 0, 0, 0, 21, 24, 0, 0, 0, 41, 34, 0, 34, 23, 0, 0, 72, 0, 5, 0, 0, 0, 0, 0, 22, 0, 0]",0,0
40,1031,"[908, 744, 355, 289, 198, 198, 198, 198, 205, 158, 198, 198, 198, 198, 212, 0, 128, 146, 101, 0, 79, 83, 85, 18, 0, 86, 84, 0, 0, 153, 85, 0, 0, 0, 17, 27, 0, 40, 37, 0, 46, 29, 0, 32, 48, 0, 0, 32, 0, 45, 0, 0, 0, 36, 0, 66, 40, 0, 65, 0, 0, 0, 0, 0, 0, 0, 0, 0, 0, 0, 0, 27, 0, 0, 0, 0, 0, 0, 29, 0, 0, 0, 24, 34, 0, 0, 26, 86, 0, 0, 0, 0, 0, 0, 0, 0, 0, 0, 0, 0, 0, 0, 350, 45, 0, 0, 0, 336, 27, 0, 0, 0, 257, 0, 8, 0, 22, 10, 0, 11, 20, 44, 0, 0, 0, 4, 0, 0]",1,1238
41,944,"[488, 409, 237, 177, 198, 198, 198, 198, 198, 198, 198, 198, 198, 198, 209, 0, 93, 146, 54, 0, 50, 44, 46, 7, 0, 47, 45, 0, 87, 0, 88, 0, 0, 204, 0, 13, 0, 17, 27, 0, 22, 11, 0, 14, 30, 0, 0, 52, 0, 0, 0, 0, 0, 8, 255, 63, 16, 0, 63, 0, 0, 0, 0, 0, 219, 0, 0, 0, 0, 0, 1066, 27, 137, 1009, 0, 0, 0, 0, 14, 0, 0, 0, 12, 16, 57, 0, 1, 0, 0, 0, 0, 0, 0, 0, 0, 0, 0, 0, 0, 0, 152, 0, 0, 22, 0, 0, 0, 0, 10, 0, 0, 0, 0, 0, 5, 0, 13, 0, 0, 14, 25, 30, 0, 0, 67, 5, 66, 0]",1,282
42,9,"[953, 738, 270, 210, 198, 198, 198, 198, 198, 198, 0, 0, 0, 0, 0, 200, 97, 0, 51, 157, 71, 83, 107, 8, 0, 37, 40, 134, 23, 110, 0, 0, 414, 0, 30, 15, 0, 21, 40, 297, 45, 12, 165, 14, 32, 0, 0, 40, 0, 0, 0, 0, 34, 44, 0, 0, 0, 0, 0, 0, 0, 66, 65, 0, 0, 121, 132, 286, 0, 30, 0, 32, 0, 0, 0, 0, 0, 0, 26, 118, 0, 0, 26, 28, 5, 0, 19, 29, 0, 0, 0, 0, 0, 198, 0, 41, 198, 0, 0, 0, 0, 0, 0, 0, 0, 0, 133, 0, 0, 0, 0, 75, 0, 0, 9, 0, 15, 0, 0, 10, 0, 39, 0, 0, 0, 7, 0, 0]",0,0
43,402,"[910, 798, 323, 256, 198, 198, 198, 198, 198, 198, 198, 198, 198, 198, 0, 170, 127, 0, 60, 0, 85, 80, 9, 87, 0, 54, 54, 99, 106, 0, 0, 0, 413, 0, 107, 23, 0, 27, 43, 0, 46, 16, 65, 24, 27, 0, 0, 28, 0, 0, 0, 0, 110, 31, 0, 0, 0, 0, 0, 0, 0, 72, 70, 0, 0, 0, 0, 281, 29, 0, 0, 56, 0, 0, 0, 0, 0, 0, 25, 0, 0, 0, 18, 24, 30, 0, 22, 0, 0, 0, 0, 0, 0, 0, 0, 57, 0, 0, 0, 0, 0, 0, 0, 0, 0, 0, 0, 0, 22, 0, 0, 15, 0, 0, 7, 0, 26, 0, 0, 27, 0, 0, 0, 0, 0, 9, 0, 0]",0,0
44,1108,"[1170, 1076, 298, 229, 198, 198, 198, 198, 198, 198, 198, 198, 198, 198, 0, 0, 102, 0, 46, 0, 63, 71, 33, 77, 399, 41, 40, 0, 161, 0, 0, 0, 0, 0, 22, 9, 0, 16, 31, 0, 36, 14, 0, 17, 57, 0, 0, 28, 0, 0, 0, 261, 0, 31, 0, 0, 28, 0, 0, 0, 0, 0, 0, 0, 0, 0, 0, 0, 0, 0, 0, 17, 0, 0, 0, 0, 0, 0, 29, 0, 0, 0, 14, 27, 105, 0, 15, 0, 0, 0, 0, 0, 0, 0, 0, 0, 0, 0, 0, 0, 0, 0, 0, 55, 0, 0, 0, 0, 15, 0, 0, 0, 210, 0, 7, 0, 14, 0, 0, 19, 0, 18, 0, 0, 0, 2, 0, 0]",1,1186
45,814,"[923, 649, 268, 167, 198, 198, 198, 198, 198, 198, 198, 198, 0, 0, 206, 0, 14, 137, 60, 26, 47, 40, 16, 52, 0, 43, 49, 0, 30, 0, 91, 0, 0, 26, 0, 65, 0, 88, 41, 0, 41, 58, 0, 72, 108, 541, 0, 30, 0, 129, 444, 0, 0, 33, 25, 69, 35, 0, 68, 258, 0, 0, 0, 0, 0, 84, 78, 0, 0, 6, 0, 2, 4, 0, 0, 0, 0, 0, 22, 0, 0, 0, 11, 19, 3, 0, 20, 0, 0, 0, 0, 0, 0, 0, 0, 0, 0, 171, 0, 0, 0, 53, 0, 28, 0, 23, 0, 0, 18, 0, 40, 0, 0, 33, 20, 0, 0, 55, 0, 16, 23, 33, 0, 0, 4, 25, 6, 0]",0,77
46,671,"[770, 563, 256, 165, 198, 198, 198, 198, 315, 266, 198, 198, 198, 198, 200, 190, 107, 127, 31, 28, 67, 57, 75, 0, 0, 19, 22, 126, 0, 40, 97, 0, 0, 0, 108, 63, 0, 86, 27, 0, 30, 53, 122, 75, 32, 0, 0, 51, 0, 103, 0, 0, 0, 23, 0, 74, 50, 273, 72, 0, 0, 65, 65, 0, 0, 31, 33, 0, 42, 3, 0, 41, 0, 0, 0, 0, 0, 0, 21, 0, 0, 0, 19, 22, 0, 0, 9, 3, 167, 0, 0, 0, 198, 0, 198, 0, 0, 0, 0, 0, 0, 0, 0, 0, 0, 25, 0, 0, 15, 0, 47, 41, 0, 45, 24, 0, 14, 25, 0, 15, 24, 0, 0, 0, 0, 22, 0, 0]",0,0
47,1125,"[1157, 960, 390, 253, 198, 198, 198, 198, 198, 198, 198, 198, 198, 198, 209, 0, 57, 145, 118, 0, 77, 74, 23, 92, 0, 106, 106, 0, 0, 167, 88, 0, 0, 37, 12, 26, 0, 42, 60, 0, 56, 25, 0, 38, 135, 0, 0, 38, 0, 48, 0, 0, 0, 42, 17, 64, 49, 0, 64, 0, 0, 0, 0, 0, 0, 0, 0, 0, 57, 0, 0, 9, 2, 0, 0, 381, 0, 0, 43, 0, 0, 0, 31, 40, 0, 0, 35, 64, 0, 0, 0, 0, 0, 0, 0, 0, 0, 0, 0, 0, 0, 97, 0, 57, 0, 0, 0, 0, 31, 0, 0, 0, 0, 0, 7, 0, 30, 4, 0, 15, 24, 0, 0, 0, 10, 4, 9, 0]",0,0
48,117,"[804, 434, 297, 196, 198, 198, 198, 198, 198, 198, 0, 0, 0, 0, 0, 174, 123, 0, 100, 318, 60, 54, 7, 116, 383, 62, 64, 93, 77, 27, 0, 0, 0, 0, 61, 73, 0, 66, 27, 283, 31, 58, 160, 62, 31, 0, 0, 27, 0, 0, 0, 240, 0, 32, 9, 0, 31, 0, 0, 0, 0, 80, 81, 0, 0, 180, 186, 0, 22, 75, 0, 43, 0, 0, 0, 0, 0, 0, 18, 127, 0, 4, 11, 13, 15, 0, 2, 4, 0, 0, 0, 0, 0, 198, 0, 55, 198, 0, 198, 198, 0, 0, 0, 0, 0, 28, 127, 0, 0, 0, 37, 74, 0, 34, 20, 0, 0, 0, 0, 14, 0, 0, 0, 0, 0, 21, 0, 0]",0,0
49,845,"[691, 580, 256, 182, 198, 198, 198, 198, 198, 198, 198, 198, 198, 198, 2, 0, 96, 0, 64, 0, 71, 62, 145, 13, 0, 54, 55, 0, 0, 133, 1, 0, 0, 240, 0, 22, 0, 32, 47, 0, 39, 22, 0, 33, 45, 924, 0, 30, 0, 0, 916, 0, 16, 27, 33, 0, 0, 0, 0, 0, 0, 0, 0, 54, 0, 0, 0, 0, 0, 0, 0, 19, 139, 0, 0, 103, 0, 0, 28, 0, 0, 0, 17, 20, 0, 240, 22, 90, 0, 388, 0, 393, 94, 0, 72, 0, 0, 0, 0, 0, 0, 0, 0, 29, 0, 0, 0, 0, 24, 0, 0, 0, 0, 0, 7, 9, 25, 0, 0, 25, 0, 32, 0, 0, 64, 9, 59, 0]",1,1419
50,742,"[911, 646, 277, 181, 198, 198, 198, 198, 198, 198, 198, 198, 0, 0, 209, 0, 135, 143, 51, 87, 53, 50, 366, 161, 0, 34, 38, 0, 25, 0, 88, 0, 0, 281, 0, 72, 0, 89, 38, 0, 47, 56, 0, 79, 25, 0, 0, 12, 0, 90, 0, 0, 20, 24, 87, 66, 0, 0, 65, 57, 0, 0, 0, 309, 0, 66, 75, 0, 0, 8, 0, 28, 137, 0, 0, 0, 0, 0, 18, 0, 0, 0, 13, 22, 5, 67, 18, 0, 0, 0, 0, 0, 0, 0, 0, 0, 0, 4, 0, 0, 0, 0, 0, 0, 0, 28, 0, 0, 13, 0, 43, 0, 0, 37, 11, 51, 0, 49, 0, 11, 23, 32, 0, 0, 68, 25, 59, 0]",1,402
51,86,"[0, 0, 382, 232, 198, 198, 198, 198, 281, 246, 0, 0, 0, 0, 0, 46, 22, 0, 0, 542, 69, 69, 16, 120, 0, 0, 0, 5, 87, 20, 0, 0, 0, 0, 119, 82, 0, 0, 47, 146, 47, 74, 32, 0, 28, 0, 0, 58, 0, 0, 0, 0, 0, 37, 31, 0, 109, 0, 0, 0, 0, 4, 6, 0, 0, 0, 0, 0, 36, 351, 0, 1, 0, 0, 0, 0, 0, 0, 0, 33, 443, 0, 19, 0, 22, 0, 13, 0, 0, 0, 0, 0, 0, 0, 0, 55, 0, 0, 198, 198, 0, 135, 0, 0, 392, 39, 48, 0, 0, 0, 0, 6, 0, 0, 26, 0, 0, 0, 0, 10, 0, 0, 0, 0, 0, 21, 0, 0]",0,0
52,716,"[675, 545, 305, 245, 198, 198, 198, 198, 227, 199, 198, 198, 198, 198, 204, 218, 155, 136, 86, 0, 74, 66, 157, 30, 0, 75, 70, 93, 0, 63, 93, 0, 0, 0, 22, 24, 0, 27, 46, 0, 44, 21, 76, 28, 16, 0, 0, 48, 0, 0, 0, 0, 0, 33, 96, 67, 0, 0, 67, 0, 0, 65, 66, 0, 0, 0, 0, 0, 34, 0, 0, 53, 0, 0, 0, 0, 0, 0, 23, 0, 694, 0, 20, 24, 0, 0, 30, 28, 0, 0, 0, 0, 0, 0, 0, 0, 0, 0, 0, 0, 0, 0, 0, 0, 0, 0, 0, 0, 23, 0, 0, 35, 0, 0, 8, 0, 19, 0, 0, 13, 27, 0, 0, 0, 0, 6, 0, 0]",0,57
53,252,"[975, 800, 309, 225, 198, 198, 198, 198, 198, 198, 198, 198, 198, 198, 0, 175, 122, 0, 134, 0, 70, 68, 70, 0, 0, 106, 104, 102, 43, 0, 0, 0, 0, 0, 91, 26, 0, 36, 40, 43, 40, 26, 0, 30, 107, 0, 0, 36, 0, 143, 0, 0, 120, 42, 0, 0, 0, 0, 0, 0, 233, 73, 73, 0, 0, 0, 0, 0, 46, 0, 0, 49, 0, 0, 0, 0, 420, 0, 27, 2, 0, 0, 19, 33, 3, 0, 25, 0, 0, 0, 0, 0, 0, 0, 0, 21, 0, 0, 0, 0, 0, 0, 0, 0, 0, 0, 22, 0, 0, 159, 0, 0, 0, 0, 8, 0, 0, 46, 346, 19, 0, 0, 0, 0, 0, 8, 0, 0]",0,0
54,792,"[164, 14, 63, 42, 198, 198, 198, 198, 198, 198, 198, 198, 198, 198, 24, 0, 118, 3, 19, 8, 15, 8, 66, 6, 0, 3, 1, 0, 0, 42, 10, 2142, 0, 224, 0, 21, 0, 2, 9, 0, 6, 15, 0, 3, 7, 0, 1912, 9, 0, 11, 0, 0, 0, 5, 24, 0, 11, 229, 0, 0, 0, 0, 0, 0, 0, 0, 0, 0, 0, 0, 0, 30, 127, 0, 0, 0, 0, 0, 0, 0, 0, 0, 2, 0, 0, 0, 2, 24, 156, 424, 0, 459, 0, 0, 0, 0, 0, 0, 0, 0, 0, 0, 0, 22, 0, 8, 0, 0, 2, 0, 1, 0, 0, 1, 11, 0, 0, 1, 0, 2, 0, 10, 0, 0, 68, 6, 69, 0]",1,1461
55,873,"[318, 194, 116, 53, 198, 198, 198, 198, 198, 198, 198, 198, 198, 198, 196, 0, 102, 133, 30, 0, 64, 62, 15, 81, 0, 24, 17, 0, 13, 0, 101, 0, 0, 195, 0, 25, 0, 39, 19, 0, 18, 20, 0, 30, 19, 1391, 0, 80, 0, 45, 1366, 0, 15, 15, 408, 64, 0, 0, 63, 0, 0, 0, 0, 0, 342, 19, 10, 0, 0, 0, 0, 30, 122, 0, 0, 0, 0, 0, 28, 0, 0, 0, 59, 34, 2, 3, 5, 0, 0, 0, 0, 0, 0, 0, 0, 0, 0, 0, 0, 0, 235, 0, 0, 30, 0, 11, 0, 0, 6, 0, 19, 0, 0, 15, 28, 0, 30, 19, 0, 36, 37, 43, 0, 0, 73, 20, 72, 0]",1,1207
56,2,"[0, 0, 252, 95, 198, 198, 198, 198, 198, 198, 0, 0, 0, 0, 61, 276, 13, 2, 0, 900, 41, 42, 65, 14, 0, 0, 0, 30, 84, 0, 0, 0, 0, 0, 127, 90, 0, 0, 102, 206, 102, 93, 0, 0, 42, 0, 0, 21, 0, 0, 0, 0, 27, 46, 100, 0, 75, 0, 0, 0, 0, 3, 2, 260, 0, 0, 0, 0, 14, 577, 0, 0, 0, 0, 0, 0, 770, 0, 0, 21, 0, 0, 21, 0, 30, 0, 34, 0, 0, 0, 0, 0, 0, 9, 0, 29, 1, 0, 0, 0, 0, 155, 0, 0, 89, 0, 11, 0, 0, 0, 0, 0, 0, 0, 53, 181, 4, 0, 352, 18, 0, 39, 0, 0, 0, 46, 0, 0]",0,0
57,565,"[1005, 807, 467, 339, 198, 198, 198, 198, 198, 198, 198, 198, 198, 198, 204, 31, 16, 142, 122, 0, 77, 58, 116, 171, 0, 104, 100, 11, 0, 85, 93, 0, 537, 0, 24, 42, 0, 53, 63, 0, 58, 34, 0, 41, 18, 0, 0, 46, 0, 32, 0, 0, 0, 34, 0, 63, 17, 0, 61, 84, 0, 3, 4, 0, 0, 0, 0, 285, 37, 0, 0, 1, 0, 0, 0, 0, 0, 0, 32, 0, 0, 0, 18, 42, 0, 0, 32, 41, 0, 0, 0, 0, 0, 0, 0, 0, 0, 6, 0, 0, 0, 18, 0, 0, 0, 0, 0, 0, 23, 0, 0, 0, 0, 0, 5, 0, 20, 7, 0, 28, 31, 0, 0, 0, 0, 6, 0, 0]",0,0
58,911,"[918, 596, 304, 203, 198, 198, 198, 198, 251, 210, 198, 198, 198, 198, 196, 0, 128, 134, 97, 122, 77, 63, 7, 85, 391, 59, 59, 0, 96, 0, 101, 0, 0, 228, 0, 87, 0, 89, 52, 0, 37, 87, 0, 104, 22, 0, 0, 46, 0, 0, 0, 259, 14, 35, 18, 62, 0, 0, 61, 0, 0, 0, 0, 0, 0, 78, 83, 0, 0, 12, 0, 41, 132, 0, 0, 0, 0, 0, 27, 0, 0, 0, 17, 27, 64, 0, 16, 0, 0, 0, 0, 0, 0, 0, 0, 0, 0, 0, 0, 0, 0, 0, 0, 59, 0, 26, 0, 0, 34, 0, 37, 0, 0, 52, 25, 0, 23, 0, 0, 13, 40, 36, 0, 0, 74, 25, 72, 0]",0,0
59,226,"[977, 875, 306, 242, 198, 198, 198, 198, 198, 198, 198, 198, 0, 0, 0, 70, 35, 0, 68, 0, 85, 92, 77, 9, 0, 61, 63, 12, 114, 0, 0, 0, 0, 0, 125, 22, 417, 31, 56, 31, 65, 14, 173, 24, 39, 0, 0, 49, 349, 0, 0, 0, 0, 45, 0, 0, 40, 0, 0, 0, 0, 8, 10, 0, 0, 0, 0, 0, 37, 0, 0, 2, 0, 0, 332, 0, 26, 0, 0, 4, 0, 0, 27, 0, 27, 0, 35, 0, 0, 0, 0, 0, 0, 0, 0, 33, 0, 0, 0, 0, 0, 0, 0, 0, 0, 0, 21, 0, 0, 0, 0, 69, 0, 0, 9, 0, 19, 0, 4, 32, 0, 0, 221, 0, 0, 6, 0, 0]",0,0
60,1154,"[1021, 817, 281, 197, 198, 198, 198, 198, 198, 198, 198, 198, 198, 198, 204, 0, 111, 137, 135, 0, 78, 68, 93, 8, 0, 112, 108, 0, 90, 0, 93, 0, 0, 236, 216, 35, 0, 45, 53, 0, 40, 29, 18, 46, 24, 0, 0, 45, 0, 18, 0, 0, 0, 16, 0, 67, 0, 0, 66, 396, 0, 0, 0, 0, 0, 0, 0, 0, 35, 0, 0, 36, 146, 0, 0, 0, 0, 0, 42, 0, 0, 0, 23, 35, 50, 0, 25, 0, 0, 0, 0, 0, 0, 0, 0, 0, 0, 282, 0, 0, 0, 0, 0, 28, 0, 0, 0, 0, 26, 0, 0, 1, 0, 0, 11, 0, 50, 2, 0, 25, 27, 0, 0, 0, 64, 17, 62, 0]",0,0
61,1046,"[887, 713, 361, 300, 198, 198, 198, 198, 255, 220, 198, 198, 198, 198, 192, 0, 89, 125, 110, 0, 103, 86, 7, 123, 0, 88, 92, 0, 103, 24, 105, 0, 0, 0, 22, 33, 0, 38, 64, 0, 48, 24, 0, 30, 39, 0, 0, 30, 0, 0, 0, 0, 0, 49, 0, 67, 25, 0, 67, 0, 0, 0, 0, 0, 0, 0, 0, 0, 0, 0, 0, 28, 0, 0, 0, 0, 0, 0, 36, 0, 0, 0, 33, 34, 54, 448, 33, 0, 0, 0, 0, 0, 0, 0, 0, 0, 0, 0, 0, 0, 0, 0, 0, 49, 0, 0, 0, 0, 42, 0, 0, 0, 208, 0, 7, 0, 33, 0, 0, 21, 38, 40, 0, 0, 0, 9, 0, 0]",0,0
62,181,"[968, 818, 486, 333, 198, 198, 119, 29, 89, 74, 198, 198, 198, 198, 0, 80, 30, 0, 82, 0, 108, 89, 6, 96, 0, 67, 68, 22, 193, 0, 0, 0, 383, 0, 222, 22, 270, 40, 55, 96, 51, 16, 168, 26, 77, 0, 0, 44, 177, 0, 0, 0, 0, 34, 0, 0, 215, 0, 0, 0, 0, 7, 5, 0, 0, 0, 0, 248, 59, 0, 0, 4, 0, 0, 0, 0, 0, 0, 36, 18, 0, 0, 20, 41, 57, 0, 24, 0, 0, 0, 0, 0, 0, 0, 0, 64, 0, 0, 0, 0, 0, 0, 0, 0, 0, 0, 30, 0, 0, 0, 0, 39, 0, 0, 11, 0, 27, 0, 0, 9, 0, 0, 0, 0, 0, 5, 0, 0]",0,13
63,875,"[9, 0, 511, 339, 198, 198, 198, 198, 198, 198, 198, 198, 198, 198, 237, 0, 172, 146, 0, 195, 128, 122, 31, 120, 0, 0, 0, 0, 217, 75, 109, 0, 0, 221, 0, 121, 0, 2, 58, 0, 77, 115, 0, 2, 55, 0, 0, 66, 0, 0, 0, 0, 62, 62, 70, 62, 0, 0, 53, 0, 0, 0, 0, 0, 574, 5, 2, 0, 0, 75, 0, 56, 89, 0, 0, 0, 0, 0, 2, 0, 0, 0, 39, 0, 103, 0, 21, 10, 0, 0, 0, 0, 0, 0, 0, 0, 0, 0, 0, 0, 382, 0, 0, 76, 0, 74, 0, 0, 34, 0, 2, 0, 0, 3, 36, 0, 36, 0, 0, 28, 34, 68, 0, 0, 84, 33, 80, 0]",0,0
64,398,"[445, 311, 518, 379, 198, 198, 198, 198, 198, 198, 198, 198, 0, 0, 0, 185, 112, 0, 81, 0, 121, 102, 19, 160, 593, 57, 55, 112, 156, 0, 0, 0, 0, 0, 23, 23, 0, 29, 75, 0, 68, 21, 0, 26, 63, 0, 0, 54, 0, 0, 0, 383, 286, 64, 7, 0, 42, 0, 0, 0, 0, 74, 72, 0, 0, 0, 0, 0, 52, 0, 0, 39, 0, 0, 0, 0, 0, 0, 33, 0, 0, 0, 26, 41, 45, 0, 50, 0, 0, 0, 0, 0, 0, 0, 0, 77, 0, 0, 0, 0, 0, 0, 0, 0, 0, 0, 0, 0, 49, 0, 0, 0, 0, 0, 10, 0, 37, 0, 0, 18, 0, 0, 0, 0, 0, 10, 0, 0]",0,14
65,546,"[758, 466, 292, 188, 198, 198, 198, 198, 198, 198, 198, 198, 0, 0, 215, 195, 102, 149, 118, 100, 57, 55, 100, 23, 0, 80, 78, 125, 0, 90, 82, 0, 0, 0, 145, 79, 0, 78, 28, 0, 31, 74, 170, 82, 42, 0, 0, 45, 0, 38, 0, 0, 65, 21, 0, 66, 0, 0, 65, 0, 0, 70, 69, 0, 0, 69, 69, 0, 24, 14, 0, 33, 0, 0, 367, 0, 0, 0, 21, 0, 0, 0, 21, 26, 0, 0, 11, 11, 0, 0, 0, 0, 0, 0, 0, 0, 0, 0, 0, 0, 0, 0, 0, 0, 0, 28, 0, 0, 14, 0, 30, 61, 0, 32, 19, 0, 0, 2, 0, 10, 17, 0, 238, 0, 0, 19, 0, 0]",0,0
66,861,"[1094, 997, 392, 290, 198, 198, 198, 198, 117, 99, 198, 198, 198, 198, 244, 0, 127, 145, 51, 0, 86, 88, 91, 96, 0, 48, 47, 0, 0, 28, 106, 0, 0, 215, 0, 23, 0, 37, 57, 0, 61, 18, 0, 26, 30, 0, 0, 57, 0, 114, 0, 0, 21, 33, 142, 68, 0, 0, 66, 0, 86, 0, 0, 0, 0, 0, 0, 0, 0, 0, 0, 36, 112, 0, 0, 26, 0, 0, 0, 0, 0, 0, 23, 0, 0, 434, 30, 1, 0, 0, 0, 0, 0, 0, 0, 0, 0, 0, 0, 0, 0, 0, 0, 58, 0, 0, 0, 0, 27, 6, 0, 0, 0, 0, 5, 0, 25, 64, 0, 25, 31, 48, 0, 0, 78, 4, 72, 0]",0,0
67,114,"[829, 653, 393, 285, 198, 198, 198, 198, 198, 198, 0, 0, 0, 0, 0, 185, 112, 0, 106, 0, 81, 75, 32, 111, 387, 94, 91, 118, 160, 0, 0, 0, 0, 0, 5, 34, 0, 41, 55, 228, 51, 39, 218, 42, 52, 0, 0, 23, 0, 0, 0, 194, 59, 40, 0, 0, 0, 0, 0, 0, 0, 68, 66, 0, 0, 0, 0, 0, 45, 0, 0, 45, 0, 0, 0, 0, 0, 0, 34, 175, 0, 0, 14, 31, 52, 0, 32, 0, 0, 0, 0, 0, 0, 198, 0, 47, 198, 0, 198, 198, 0, 0, 0, 0, 0, 0, 69, 0, 0, 0, 0, 90, 0, 0, 10, 0, 18, 0, 0, 12, 0, 0, 0, 0, 0, 7, 0, 0]",0,0
68,514,"[1006, 705, 290, 163, 198, 198, 198, 198, 198, 198, 198, 198, 198, 198, 215, 23, 14, 153, 87, 102, 62, 52, 69, 86, 180, 65, 58, 3, 213, 0, 82, 0, 0, 0, 19, 59, 0, 81, 32, 0, 35, 48, 43, 77, 141, 0, 0, 22, 0, 0, 0, 39, 4, 51, 0, 62, 213, 0, 61, 0, 0, 0, 3, 0, 290, 81, 79, 0, 23, 10, 0, 2, 0, 0, 0, 0, 0, 0, 22, 0, 0, 0, 16, 25, 74, 0, 9, 0, 0, 0, 0, 0, 0, 0, 0, 0, 0, 0, 0, 0, 120, 60, 0, 0, 0, 31, 0, 0, 15, 0, 48, 4, 0, 45, 17, 0, 0, 0, 0, 3, 21, 0, 0, 0, 0, 18, 0, 0]",0,0
69,878,"[921, 607, 314, 198, 198, 198, 198, 198, 198, 198, 198, 198, 198, 198, 256, 0, 105, 163, 88, 88, 66, 65, 15, 70, 0, 61, 59, 0, 192, 0, 70, 0, 0, 192, 0, 72, 0, 92, 32, 0, 37, 71, 0, 90, 46, 0, 0, 56, 0, 0, 0, 0, 45, 18, 185, 44, 0, 0, 46, 345, 0, 0, 0, 0, 0, 74, 73, 0, 0, 6, 0, 39, 125, 0, 0, 0, 0, 0, 23, 0, 0, 0, 20, 17, 127, 0, 17, 0, 0, 0, 0, 0, 0, 0, 0, 0, 0, 224, 0, 0, 0, 0, 0, 48, 0, 41, 0, 0, 17, 0, 58, 0, 0, 57, 28, 0, 17, 0, 0, 9, 12, 44, 0, 0, 66, 25, 67, 0]",0,0
70,567,"[1028, 855, 321, 234, 198, 198, 198, 198, 198, 198, 198, 198, 0, 0, 222, 208, 89, 173, 97, 0, 62, 59, 18, 76, 0, 81, 81, 141, 0, 0, 75, 0, 0, 0, 12, 37, 0, 54, 35, 0, 38, 31, 0, 44, 42, 0, 0, 34, 0, 133, 0, 0, 0, 27, 100, 48, 38, 0, 50, 393, 0, 66, 68, 0, 0, 0, 0, 0, 25, 0, 0, 22, 0, 0, 0, 0, 0, 0, 26, 0, 0, 0, 17, 29, 0, 0, 19, 0, 0, 0, 0, 0, 0, 0, 0, 0, 0, 237, 0, 0, 0, 0, 0, 0, 0, 0, 0, 0, 23, 0, 0, 0, 0, 0, 12, 0, 0, 78, 0, 23, 26, 0, 0, 0, 0, 13, 0, 0]",0,0
71,518,"[0, 0, 545, 457, 198, 198, 198, 198, 198, 198, 198, 198, 198, 198, 221, 260, 92, 165, 0, 0, 119, 131, 30, 142, 560, 0, 0, 164, 0, 191, 76, 0, 0, 0, 33, 24, 0, 0, 80, 0, 89, 24, 0, 0, 46, 0, 0, 39, 0, 0, 0, 360, 54, 68, 0, 56, 0, 0, 55, 0, 0, 63, 66, 0, 0, 0, 0, 0, 52, 0, 0, 18, 0, 0, 0, 0, 0, 0, 0, 0, 0, 0, 35, 0, 0, 0, 52, 114, 0, 0, 0, 0, 0, 0, 0, 0, 0, 0, 0, 0, 0, 0, 0, 0, 0, 0, 0, 0, 44, 0, 0, 0, 0, 0, 7, 0, 31, 0, 0, 6, 21, 0, 0, 0, 0, 9, 0, 0]",0,0
72,375,"[952, 653, 273, 170, 198, 198, 198, 198, 198, 198, 198, 198, 198, 198, 0, 180, 165, 0, 96, 40, 52, 53, 23, 84, 0, 70, 63, 82, 0, 43, 76, 0, 0, 0, 11, 84, 0, 100, 55, 221, 41, 93, 260, 107, 38, 0, 0, 26, 0, 142, 0, 0, 52, 33, 20, 0, 0, 0, 0, 0, 0, 79, 75, 0, 0, 47, 41, 0, 36, 2, 0, 63, 0, 0, 0, 290, 0, 0, 18, 162, 0, 0, 16, 18, 0, 0, 15, 6, 0, 0, 0, 0, 0, 0, 0, 28, 0, 0, 0, 0, 0, 0, 0, 0, 0, 26, 0, 0, 19, 0, 45, 118, 0, 51, 20, 0, 0, 34, 0, 8, 18, 0, 0, 0, 0, 27, 0, 0]",0,0
73,427,"[979, 793, 352, 263, 198, 198, 198, 198, 198, 198, 198, 198, 198, 198, 158, 238, 134, 138, 127, 0, 69, 75, 123, 20, 0, 103, 98, 91, 0, 101, 0, 0, 0, 0, 8, 33, 0, 47, 47, 0, 51, 37, 110, 44, 45, 0, 0, 20, 0, 0, 0, 0, 0, 47, 92, 0, 0, 399, 0, 0, 0, 56, 47, 0, 0, 0, 0, 0, 47, 0, 0, 31, 0, 0, 0, 0, 0, 0, 28, 0, 0, 0, 26, 26, 0, 0, 23, 46, 242, 0, 0, 0, 0, 0, 0, 58, 0, 0, 0, 0, 0, 0, 0, 0, 0, 0, 0, 0, 25, 0, 0, 49, 0, 0, 13, 0, 19, 0, 0, 8, 0, 0, 0, 0, 0, 7, 0, 0]",0,3
74,511,"[1518, 1388, 408, 326, 198, 198, 198, 198, 39, 31, 13, 5, 198, 198, 214, 20, 18, 153, 65, 0, 83, 91, 109, 22, 0, 59, 56, 1, 0, 0, 83, 0, 0, 0, 170, 19, 0, 29, 54, 0, 65, 16, 57, 23, 40, 0, 0, 86, 0, 116, 0, 0, 21, 35, 0, 62, 0, 0, 60, 0, 0, 4, 5, 0, 514, 0, 0, 0, 40, 0, 0, 3, 0, 0, 0, 0, 0, 0, 38, 0, 0, 0, 26, 39, 0, 0, 30, 0, 0, 0, 0, 0, 0, 0, 0, 0, 0, 0, 0, 0, 354, 0, 0, 0, 0, 0, 0, 0, 44, 0, 0, 8, 0, 0, 11, 0, 24, 58, 0, 28, 22, 0, 0, 0, 0, 6, 0, 0]",0,0
75,804,"[974, 675, 357, 207, 198, 198, 198, 198, 198, 198, 198, 198, 198, 198, 211, 0, 8, 145, 103, 0, 68, 61, 10, 107, 0, 76, 73, 0, 0, 135, 86, 0, 0, 29, 0, 84, 0, 117, 45, 0, 52, 70, 0, 106, 102, 0, 0, 35, 0, 43, 0, 0, 0, 44, 36, 66, 43, 0, 65, 0, 0, 0, 0, 0, 0, 0, 0, 0, 0, 0, 0, 1, 1, 0, 0, 0, 0, 0, 30, 0, 0, 0, 12, 23, 0, 0, 15, 56, 0, 0, 0, 0, 0, 0, 0, 0, 0, 0, 0, 0, 0, 58, 0, 53, 0, 43, 0, 0, 18, 0, 75, 0, 0, 62, 21, 0, 0, 6, 0, 9, 21, 33, 0, 0, 1, 23, 1, 0]",0,0
76,256,"[901, 758, 302, 210, 198, 198, 198, 198, 198, 198, 198, 198, 0, 0, 0, 28, 18, 0, 68, 0, 68, 66, 198, 4, 0, 58, 58, 5, 0, 163, 0, 0, 0, 0, 110, 21, 0, 36, 50, 109, 42, 24, 0, 34, 56, 0, 0, 48, 0, 0, 0, 0, 0, 27, 0, 0, 210, 0, 0, 233, 265, 5, 6, 0, 0, 0, 0, 0, 31, 0, 0, 3, 0, 0, 0, 84, 278, 0, 46, 26, 0, 0, 25, 34, 0, 0, 23, 61, 0, 0, 0, 0, 0, 0, 0, 53, 0, 57, 0, 0, 0, 0, 0, 0, 0, 0, 58, 0, 0, 81, 0, 0, 0, 0, 11, 0, 22, 0, 159, 18, 0, 0, 0, 1, 0, 10, 0, 0]",0,28
77,517,"[5, 0, 472, 319, 198, 198, 198, 198, 198, 198, 198, 198, 198, 198, 208, 253, 129, 146, 0, 189, 87, 88, 19, 95, 433, 0, 0, 136, 0, 223, 89, 0, 0, 0, 114, 100, 0, 0, 56, 0, 57, 117, 0, 3, 48, 0, 0, 47, 0, 0, 0, 294, 44, 39, 0, 61, 0, 0, 63, 0, 0, 64, 57, 0, 0, 2, 1, 0, 50, 66, 0, 39, 0, 0, 0, 0, 0, 0, 2, 0, 0, 0, 29, 0, 0, 0, 23, 150, 0, 0, 0, 0, 0, 0, 0, 0, 0, 0, 0, 0, 0, 0, 0, 0, 0, 55, 0, 0, 34, 0, 1, 0, 0, 2, 31, 0, 26, 0, 0, 27, 27, 0, 0, 0, 0, 27, 0, 0]",0,0
78,818,"[674, 401, 282, 183, 198, 198, 198, 198, 198, 198, 198, 198, 198, 198, 4, 0, 133, 0, 88, 12, 48, 45, 8, 77, 0, 60, 57, 0, 96, 0, 3, 0, 0, 243, 0, 79, 0, 79, 31, 0, 37, 77, 0, 77, 48, 556, 0, 23, 0, 34, 463, 0, 0, 29, 8, 0, 28, 0, 0, 0, 0, 0, 0, 0, 0, 64, 57, 0, 0, 9, 0, 35, 110, 0, 0, 0, 0, 0, 23, 0, 0, 0, 16, 17, 45, 0, 13, 0, 0, 380, 0, 389, 0, 0, 0, 0, 0, 0, 0, 0, 0, 0, 0, 42, 0, 40, 0, 0, 16, 0, 46, 0, 0, 49, 17, 0, 23, 7, 0, 16, 0, 27, 0, 0, 70, 22, 71, 0]",1,481
79,991,"[921, 751, 373, 267, 198, 198, 198, 198, 82, 59, 198, 198, 0, 0, 224, 0, 42, 166, 109, 0, 79, 75, 33, 220, 660, 94, 90, 0, 61, 18, 73, 0, 0, 0, 0, 32, 0, 39, 46, 0, 44, 34, 0, 34, 14, 0, 0, 29, 0, 0, 0, 431, 0, 49, 10, 58, 18, 0, 57, 0, 0, 0, 0, 0, 0, 0, 0, 0, 0, 0, 0, 2, 0, 0, 0, 0, 0, 0, 28, 0, 0, 0, 16, 33, 28, 0, 24, 4, 0, 0, 0, 0, 0, 0, 0, 0, 0, 0, 0, 0, 0, 0, 0, 60, 0, 0, 0, 0, 24, 0, 0, 0, 86, 0, 12, 0, 0, 0, 0, 14, 16, 33, 0, 0, 0, 12, 0, 0]",0,0
80,154,"[0, 0, 537, 351, 198, 198, 198, 198, 198, 198, 198, 198, 216, 153, 0, 248, 122, 0, 9, 41, 121, 100, 11, 111, 0, 0, 0, 122, 48, 189, 0, 0, 0, 0, 47, 127, 0, 0, 75, 212, 65, 123, 205, 0, 76, 0, 0, 29, 0, 0, 0, 0, 0, 94, 0, 0, 0, 0, 0, 0, 0, 63, 58, 0, 0, 0, 0, 0, 61, 18, 0, 32, 0, 0, 0, 362, 0, 0, 0, 145, 0, 0, 28, 0, 5, 0, 20, 68, 0, 0, 0, 0, 0, 81, 0, 34, 18, 0, 0, 0, 0, 0, 0, 0, 0, 61, 85, 0, 0, 0, 0, 87, 0, 0, 42, 0, 0, 0, 0, 36, 0, 0, 0, 0, 0, 40, 0, 0]",0,21
81,116,"[980, 814, 354, 297, 198, 198, 198, 198, 268, 227, 0, 0, 0, 0, 0, 210, 183, 0, 104, 0, 78, 72, 14, 80, 344, 86, 84, 95, 0, 85, 0, 0, 0, 0, 0, 33, 0, 37, 41, 35, 43, 38, 0, 43, 32, 0, 0, 42, 0, 0, 0, 239, 32, 28, 97, 0, 101, 0, 0, 0, 0, 68, 76, 0, 0, 0, 0, 0, 41, 0, 0, 70, 0, 0, 0, 0, 0, 0, 29, 4, 0, 2, 17, 24, 0, 0, 27, 30, 0, 0, 0, 0, 0, 0, 0, 39, 0, 0, 198, 198, 0, 0, 0, 0, 9, 0, 16, 0, 0, 0, 0, 0, 0, 0, 7, 0, 14, 0, 0, 14, 0, 0, 0, 0, 0, 7, 0, 0]",0,0
82,1212,"[804, 526, 330, 236, 198, 198, 198, 198, 0, 0, 198, 198, 198, 198, 216, 0, 91, 151, 103, 110, 45, 50, 113, 8, 0, 64, 65, 0, 18, 0, 81, 0, 535, 251, 0, 92, 0, 103, 50, 0, 56, 100, 11, 98, 21, 0, 0, 0, 0, 81, 0, 0, 0, 19, 40, 65, 0, 0, 64, 0, 0, 0, 0, 0, 0, 76, 76, 374, 34, 12, 0, 18, 151, 0, 0, 0, 0, 0, 26, 0, 0, 0, 4, 30, 2, 0, 28, 0, 0, 0, 0, 0, 0, 0, 0, 0, 0, 0, 0, 0, 0, 0, 0, 58, 0, 0, 0, 0, 24, 0, 0, 0, 0, 0, 25, 0, 17, 45, 0, 11, 17, 0, 0, 0, 60, 17, 62, 0]",0,0
83,1137,"[908, 745, 359, 288, 198, 198, 198, 198, 198, 198, 198, 198, 198, 198, 238, 0, 99, 192, 117, 0, 73, 71, 190, 29, 0, 92, 96, 0, 16, 51, 59, 0, 0, 198, 31, 33, 0, 35, 55, 0, 53, 31, 0, 40, 15, 0, 0, 24, 0, 0, 0, 0, 0, 41, 0, 47, 10, 0, 46, 0, 0, 0, 0, 0, 0, 0, 0, 0, 42, 0, 0, 35, 133, 0, 534, 0, 0, 0, 35, 0, 0, 0, 19, 24, 2, 0, 37, 23, 0, 0, 0, 0, 0, 0, 0, 0, 0, 0, 0, 0, 0, 0, 0, 68, 0, 0, 0, 0, 20, 0, 0, 0, 0, 0, 3, 0, 0, 0, 0, 8, 12, 0, 311, 0, 65, 8, 64, 0]",0,0
84,657,"[507, 438, 222, 160, 198, 198, 198, 198, 198, 198, 198, 198, 0, 0, 206, 175, 122, 145, 35, 0, 48, 45, 97, 9, 0, 30, 34, 95, 0, 19, 91, 0, 0, 0, 96, 15, 0, 19, 22, 0, 16, 10, 0, 17, 30, 0, 0, 20, 0, 52, 0, 0, 33, 21, 0, 62, 97, 0, 61, 0, 184, 79, 80, 0, 0, 0, 0, 0, 26, 0, 0, 43, 0, 0, 0, 0, 0, 0, 14, 0, 0, 0, 16, 11, 0, 0, 0, 3, 0, 0, 0, 0, 0, 0, 0, 0, 0, 0, 0, 0, 0, 0, 0, 0, 0, 0, 0, 0, 10, 79, 0, 0, 0, 0, 4, 0, 0, 16, 0, 9, 29, 0, 0, 1414, 0, 4, 0, 1371]",1,421
85,531,"[174, 11, 81, 53, 198, 198, 198, 198, 27, 21, 198, 198, 0, 0, 206, 197, 100, 141, 23, 75, 20, 19, 39, 7, 0, 0, 1, 133, 0, 72, 91, 0, 0, 0, 23, 16, 0, 4, 16, 0, 11, 17, 0, 3, 20, 0, 0, 19, 0, 24, 0, 0, 57, 15, 0, 65, 108, 0, 64, 172, 0, 64, 63, 0, 0, 6, 6, 0, 9, 4, 0, 37, 0, 0, 0, 0, 0, 2218, 0, 0, 0, 0, 8, 0, 0, 0, 6, 17, 0, 0, 1911, 0, 0, 0, 0, 0, 0, 109, 0, 0, 0, 0, 0, 0, 0, 7, 0, 0, 0, 0, 1, 0, 0, 3, 10, 0, 0, 0, 0, 4, 27, 0, 0, 0, 0, 8, 0, 0]",1,1207
86,184,"[1054, 915, 385, 248, 198, 198, 198, 198, 198, 198, 198, 198, 198, 198, 0, 36, 24, 0, 72, 0, 80, 60, 209, 7, 0, 60, 62, 4, 0, 130, 0, 0, 482, 0, 26, 27, 0, 37, 59, 217, 49, 20, 98, 37, 30, 0, 0, 27, 0, 0, 0, 0, 0, 32, 0, 0, 77, 0, 0, 95, 0, 3, 2, 0, 0, 0, 0, 250, 124, 0, 0, 2, 0, 0, 0, 0, 0, 0, 35, 160, 0, 0, 25, 33, 0, 0, 34, 50, 0, 0, 0, 0, 0, 0, 0, 55, 0, 7, 0, 0, 0, 100, 0, 0, 0, 0, 80, 0, 0, 0, 0, 24, 0, 0, 5, 0, 25, 0, 0, 19, 0, 0, 0, 0, 0, 10, 0, 0]",0,14
87,166,"[879, 452, 277, 155, 198, 198, 198, 198, 198, 198, 198, 198, 198, 198, 0, 50, 30, 0, 102, 422, 58, 55, 98, 19, 0, 50, 57, 8, 0, 24, 0, 0, 0, 0, 92, 80, 0, 85, 35, 201, 31, 78, 116, 81, 31, 0, 0, 43, 0, 56, 0, 0, 20, 29, 21, 0, 0, 0, 0, 0, 0, 4, 7, 444, 0, 217, 217, 0, 34, 115, 0, 4, 0, 0, 0, 0, 0, 0, 20, 135, 0, 0, 10, 17, 0, 0, 8, 2, 0, 0, 0, 0, 0, 0, 0, 44, 0, 0, 0, 0, 0, 0, 0, 0, 0, 38, 96, 0, 0, 0, 44, 51, 0, 47, 34, 304, 14, 11, 0, 26, 0, 0, 0, 0, 0, 28, 0, 0]",0,0
88,233,"[967, 787, 224, 112, 198, 198, 198, 198, 198, 198, 198, 198, 198, 198, 0, 195, 102, 0, 98, 0, 48, 41, 95, 7, 0, 90, 87, 125, 0, 60, 0, 0, 0, 0, 33, 15, 472, 31, 53, 61, 34, 11, 0, 24, 26, 0, 0, 29, 374, 0, 0, 0, 23, 40, 0, 0, 0, 0, 0, 0, 0, 70, 70, 0, 0, 0, 0, 0, 31, 0, 0, 32, 0, 0, 0, 0, 30, 0, 25, 6, 0, 0, 19, 27, 0, 0, 8, 37, 0, 0, 0, 0, 0, 0, 0, 34, 0, 0, 0, 0, 0, 0, 0, 0, 0, 6, 20, 0, 0, 0, 30, 0, 0, 26, 6, 0, 16, 0, 5, 6, 0, 0, 0, 0, 0, 7, 0, 0]",0,66
89,487,"[990, 640, 393, 229, 198, 198, 198, 198, 198, 198, 198, 198, 198, 198, 215, 30, 17, 151, 117, 114, 75, 69, 52, 11, 0, 64, 63, 4, 29, 83, 82, 0, 0, 0, 141, 75, 0, 93, 51, 0, 48, 83, 142, 103, 25, 0, 0, 34, 0, 0, 0, 0, 13, 37, 0, 65, 0, 0, 63, 0, 284, 2, 2, 0, 0, 88, 99, 0, 47, 8, 0, 2, 0, 0, 0, 0, 0, 0, 26, 0, 0, 0, 13, 29, 1, 0, 12, 22, 0, 0, 0, 0, 0, 0, 0, 0, 0, 0, 0, 0, 0, 84, 0, 0, 0, 38, 0, 0, 34, 192, 48, 62, 0, 54, 23, 0, 19, 0, 0, 12, 18, 0, 0, 0, 0, 28, 0, 0]",0,0
90,1121,"[0, 0, 279, 185, 198, 198, 198, 198, 197, 165, 198, 198, 0, 0, 216, 0, 106, 161, 0, 103, 56, 60, 17, 122, 0, 0, 0, 0, 0, 276, 81, 0, 0, 191, 0, 60, 0, 0, 39, 0, 33, 67, 0, 0, 100, 0, 0, 27, 0, 66, 0, 0, 0, 41, 17, 55, 69, 0, 55, 0, 474, 0, 0, 0, 0, 0, 0, 0, 43, 42, 0, 37, 121, 0, 0, 0, 0, 0, 0, 0, 0, 0, 16, 0, 0, 0, 5, 155, 0, 0, 0, 0, 0, 0, 0, 0, 0, 0, 0, 0, 0, 0, 0, 57, 0, 9, 0, 0, 17, 318, 0, 0, 0, 0, 25, 0, 0, 5, 0, 6, 26, 0, 0, 0, 70, 24, 69, 0]",0,89
91,912,"[987, 868, 348, 230, 198, 198, 198, 198, 198, 198, 198, 198, 0, 0, 220, 0, 25, 169, 51, 0, 65, 61, 112, 96, 195, 48, 45, 0, 276, 0, 77, 0, 384, 51, 0, 20, 0, 36, 44, 0, 45, 16, 0, 26, 64, 0, 0, 31, 0, 0, 0, 28, 56, 30, 37, 51, 0, 0, 51, 0, 0, 0, 0, 0, 0, 0, 0, 162, 0, 0, 0, 1, 11, 0, 0, 0, 0, 0, 33, 0, 0, 0, 16, 37, 199, 0, 22, 0, 0, 0, 0, 0, 198, 0, 198, 0, 0, 0, 0, 0, 0, 99, 0, 42, 0, 0, 0, 0, 25, 0, 0, 0, 0, 0, 7, 0, 0, 0, 0, 13, 26, 44, 0, 0, 4, 4, 2, 0]",0,0
92,697,"[873, 545, 367, 221, 198, 198, 198, 198, 198, 198, 198, 198, 198, 198, 200, 30, 20, 134, 125, 105, 44, 57, 76, 9, 0, 79, 73, 4, 162, 0, 97, 0, 0, 0, 15, 82, 0, 96, 38, 0, 50, 78, 0, 95, 31, 0, 0, 32, 0, 0, 0, 0, 199, 28, 92, 67, 43, 0, 65, 0, 0, 3, 3, 0, 0, 72, 75, 0, 32, 9, 0, 4, 0, 0, 0, 0, 0, 0, 23, 0, 280, 0, 13, 21, 58, 0, 19, 0, 0, 0, 0, 0, 0, 0, 0, 0, 0, 0, 0, 0, 0, 66, 0, 0, 0, 31, 0, 0, 20, 0, 43, 0, 0, 39, 24, 0, 19, 0, 0, 10, 31, 0, 0, 0, 0, 18, 0, 0]",0,0
93,1114,"[824, 702, 256, 188, 198, 198, 198, 198, 198, 198, 198, 198, 198, 198, 1, 0, 119, 0, 77, 0, 69, 62, 103, 8, 0, 68, 65, 0, 77, 0, 1, 0, 281, 0, 0, 23, 0, 27, 38, 0, 32, 21, 0, 24, 26, 0, 0, 57, 0, 0, 0, 0, 0, 15, 212, 0, 22, 0, 0, 0, 0, 0, 0, 0, 0, 0, 0, 167, 0, 0, 0, 32, 0, 0, 0, 0, 0, 0, 26, 0, 0, 0, 17, 23, 44, 0, 2, 0, 0, 0, 0, 0, 0, 0, 0, 0, 0, 0, 0, 0, 0, 0, 0, 39, 0, 0, 0, 0, 8, 0, 0, 0, 283, 0, 5, 0, 0, 0, 0, 13, 0, 38, 0, 0, 0, 6, 0, 0]",1,1015
94,713,"[961, 801, 245, 182, 198, 198, 198, 198, 198, 198, 198, 198, 198, 198, 264, 216, 81, 181, 112, 0, 72, 70, 9, 164, 0, 90, 88, 158, 0, 0, 102, 0, 0, 0, 4, 28, 0, 36, 40, 0, 36, 27, 0, 31, 47, 0, 0, 31, 0, 221, 0, 0, 128, 19, 9, 64, 0, 0, 64, 0, 0, 58, 57, 0, 0, 0, 0, 0, 43, 0, 0, 24, 0, 0, 0, 0, 0, 0, 25, 0, 281, 0, 18, 28, 0, 0, 18, 0, 0, 0, 0, 0, 0, 0, 0, 0, 0, 0, 0, 0, 0, 0, 0, 0, 0, 0, 0, 0, 25, 0, 0, 0, 0, 0, 12, 0, 25, 111, 0, 14, 28, 0, 0, 0, 0, 7, 0, 0]",0,57
95,251,"[1080, 786, 220, 142, 198, 198, 198, 198, 155, 120, 198, 198, 198, 198, 0, 185, 112, 0, 38, 101, 74, 77, 138, 16, 0, 27, 29, 111, 74, 18, 0, 0, 0, 0, 147, 62, 0, 82, 41, 202, 45, 54, 0, 74, 32, 0, 0, 104, 0, 0, 0, 0, 99, 37, 0, 0, 0, 185, 0, 0, 178, 74, 73, 0, 0, 88, 71, 0, 23, 10, 0, 39, 0, 0, 0, 0, 0, 0, 26, 133, 0, 0, 32, 23, 23, 0, 13, 0, 64, 0, 0, 0, 0, 0, 0, 31, 0, 0, 0, 0, 0, 0, 0, 0, 0, 44, 95, 0, 0, 64, 68, 0, 0, 82, 27, 0, 21, 0, 0, 4, 0, 0, 0, 0, 0, 32, 0, 0]",0,0
96,69,"[3, 0, 280, 260, 198, 198, 198, 198, 198, 198, 0, 0, 0, 0, 0, 202, 95, 0, 19, 722, 65, 53, 118, 14, 0, 0, 0, 132, 99, 0, 0, 0, 0, 0, 0, 40, 0, 0, 42, 37, 34, 39, 114, 0, 35, 0, 0, 23, 0, 0, 0, 0, 0, 20, 24, 0, 0, 431, 0, 0, 0, 71, 70, 0, 0, 3, 2, 0, 36, 453, 0, 24, 0, 0, 0, 0, 0, 0, 1, 4, 0, 0, 17, 0, 39, 0, 6, 0, 280, 0, 0, 0, 0, 198, 0, 44, 198, 0, 198, 198, 0, 0, 0, 0, 592, 158, 16, 0, 0, 0, 1, 51, 0, 0, 11, 0, 27, 0, 0, 7, 0, 0, 0, 0, 0, 12, 0, 0]",1,179
97,319,"[885, 721, 386, 289, 198, 198, 198, 198, 198, 198, 198, 198, 0, 0, 0, 218, 117, 0, 108, 0, 75, 83, 80, 21, 0, 93, 93, 114, 58, 0, 0, 0, 340, 0, 21, 30, 410, 39, 43, 155, 45, 22, 0, 32, 46, 0, 0, 35, 214, 202, 0, 0, 234, 38, 0, 0, 0, 0, 0, 0, 0, 69, 68, 0, 0, 0, 0, 225, 36, 0, 0, 33, 0, 0, 0, 0, 0, 0, 24, 28, 0, 0, 17, 25, 2, 0, 22, 0, 0, 0, 0, 0, 0, 0, 0, 35, 0, 0, 0, 0, 0, 0, 0, 0, 0, 0, 71, 0, 32, 0, 0, 0, 0, 0, 6, 0, 23, 72, 0, 7, 0, 0, 0, 0, 0, 7, 0, 0]",0,1
98,1024,"[965, 672, 255, 158, 198, 198, 198, 198, 198, 198, 198, 198, 0, 0, 205, 0, 13, 141, 84, 89, 50, 41, 110, 19, 0, 52, 58, 0, 0, 0, 92, 0, 0, 0, 192, 52, 0, 78, 42, 0, 32, 52, 0, 84, 60, 0, 0, 46, 0, 181, 0, 0, 0, 17, 0, 64, 42, 0, 63, 0, 0, 0, 0, 0, 419, 58, 61, 0, 0, 6, 0, 0, 0, 0, 0, 0, 0, 0, 26, 0, 0, 0, 17, 23, 0, 0, 7, 0, 0, 0, 0, 0, 0, 0, 0, 0, 0, 0, 0, 0, 269, 66, 0, 63, 0, 41, 0, 0, 20, 0, 54, 0, 34, 60, 14, 0, 19, 117, 0, 12, 29, 39, 0, 0, 0, 20, 0, 0]",1,262
99,99,"[0, 0, 453, 332, 198, 198, 198, 198, 198, 198, 0, 0, 0, 0, 0, 248, 116, 0, 46, 0, 103, 105, 34, 171, 0, 0, 0, 137, 45, 0, 0, 0, 0, 0, 40, 34, 0, 0, 81, 26, 87, 38, 178, 0, 67, 0, 0, 44, 0, 189, 0, 0, 0, 81, 0, 0, 110, 0, 0, 0, 0, 42, 48, 0, 0, 0, 0, 0, 63, 0, 0, 39, 0, 0, 0, 0, 0, 0, 0, 1, 0, 0, 55, 0, 3, 0, 58, 0, 0, 0, 0, 0, 0, 198, 0, 80, 198, 0, 198, 198, 0, 0, 0, 0, 544, 0, 12, 0, 0, 0, 0, 49, 0, 0, 11, 0, 29, 56, 0, 30, 0, 0, 0, 0, 0, 10, 0, 0]",0,11
